"id","on_date","measurement"
"2","2020-10-06 06:48:17","111"
"3","2020-10-06 06:48:38","66"
"4","2020-10-06 06:55:36","148"
"5","2020-10-06 06:59:07","142"
"6","2020-10-06 07:01:35","138"
"7","2020-10-06 07:15:06","134"
"8","2020-10-06 07:38:24","162"
"9","2020-10-06 07:38:29","164"
"10","2020-10-06 07:38:33","164"
"11","2020-10-06 07:38:36","165"
"12","2020-10-06 07:38:40","165"
"13","2020-10-06 07:38:45","167"
"14","2020-10-06 07:38:54","165"
"15","2020-10-06 07:38:55","165"
"16","2020-10-06 07:39:00","165"
"17","2020-10-06 07:39:05","163"
"18","2020-10-06 07:39:14","160"
"19","2020-10-06 07:39:19","162"
"20","2020-10-06 07:39:24","161"
"21","2020-10-06 07:39:28","161"
"22","2020-10-06 07:39:30","162"
"23","2020-10-06 07:39:35","162"
"24","2020-10-06 07:39:44","156"
"25","2020-10-06 07:39:46","155"
"26","2020-10-06 07:39:50","151"
"27","2020-10-06 07:39:55","147"
"28","2020-10-06 07:40:00","143"
"29","2020-10-06 07:40:05","143"
"30","2020-10-06 07:40:14","145"
"31","2020-10-06 07:40:19","147"
"32","2020-10-06 07:40:20","147"
"33","2020-10-06 07:40:28","143"
"34","2020-10-06 07:40:30","142"
"35","2020-10-06 07:40:39","141"
"36","2020-10-06 07:40:42","141"
"37","2020-10-06 07:40:47","138"
"38","2020-10-06 07:40:51","138"
"39","2020-10-06 07:40:55","139"
"40","2020-10-06 07:41:04","147"
"41","2020-10-06 07:41:08","148"
"42","2020-10-06 07:41:10","149"
"43","2020-10-06 07:41:15","149"
"44","2020-10-06 07:41:21","144"
"45","2020-10-06 07:41:29","143"
"46","2020-10-06 07:41:30","144"
"47","2020-10-06 07:41:35","149"
"48","2020-10-06 07:41:40","149"
"49","2020-10-06 07:41:45","147"
"50","2020-10-06 07:41:54","142"
"51","2020-10-06 07:41:55","142"
"52","2020-10-06 07:42:04","142"
"53","2020-10-06 07:42:09","140"
"54","2020-10-06 07:42:13","138"
"55","2020-10-06 07:42:15","136"
"56","2020-10-06 07:42:20","135"
"57","2020-10-06 07:42:29","137"
"58","2020-10-06 07:42:34","133"
"59","2020-10-06 07:42:35","132"
"60","2020-10-06 07:42:40","132"
"61","2020-10-06 07:42:45","133"
"62","2020-10-06 07:42:54","132"
"63","2020-10-06 07:42:56","133"
"64","2020-10-06 07:43:03","135"
"65","2020-10-06 07:43:07","132"
"66","2020-10-06 07:43:12","131"
"67","2020-10-06 07:43:19","130"
"68","2020-10-06 07:43:20","131"
"69","2020-10-06 07:43:28","133"
"70","2020-10-06 07:43:30","133"
"71","2020-10-06 07:43:36","131"
"72","2020-10-06 07:43:40","132"
"73","2020-10-06 07:43:51","134"
"74","2020-10-06 08:29:27","93"
"75","2020-10-06 08:35:44","94"
"76","2020-10-06 08:39:38","94"
"77","2020-10-06 08:44:03","97"
"78","2020-10-06 08:46:13","97"
"79","2020-10-06 09:01:55","112"
"80","2020-10-06 09:05:52","119"
"81","2020-10-06 09:21:39","115"
"82","2020-10-06 09:30:41","109"
"83","2020-10-06 09:32:16","106"
"84","2020-10-06 09:49:27","112"
"85","2020-10-06 09:53:33","109"
"86","2020-10-06 09:57:55","101"
"87","2020-10-06 10:00:09","103"
"88","2020-10-06 10:01:15","101"
"89","2020-10-06 10:08:01","107"
"90","2020-10-06 10:11:19","104"
"91","2020-10-06 10:18:51","99"
"92","2020-10-06 10:25:09","88"
"93","2020-10-06 10:28:20","99"
"94","2020-10-06 10:33:32","95"
"95","2020-10-06 10:39:15","94"
"96","2020-10-06 10:43:45","93"
"97","2020-10-06 10:48:27","90"
"98","2020-10-06 10:51:24","89"
"99","2020-10-06 10:57:38","93"
"100","2020-10-06 11:05:12","86"
"101","2020-10-06 11:06:38","89"
"102","2020-10-06 11:12:48","88"
"103","2020-10-06 11:20:04","90"
"104","2020-10-06 11:25:48","90"
"105","2020-10-06 11:27:35","91"
"106","2020-10-06 11:35:18","80"
"107","2020-10-06 11:37:22","80"
"108","2020-10-06 11:43:16","81"
"109","2020-10-06 11:46:29","78"
"110","2020-10-06 11:52:20","90"
"111","2020-10-06 11:56:46","79"
"112","2020-10-06 12:05:46","70"
"113","2020-10-06 12:09:52","76"
"114","2020-10-06 12:14:55","77"
"115","2020-10-06 12:20:08","81"
"116","2020-10-06 12:23:36","73"
"117","2020-10-06 12:30:38","71"
"118","2020-10-06 12:34:48","73"
"119","2020-10-06 12:40:19","73"
"120","2020-10-06 12:42:18","74"
"121","2020-10-06 12:46:58","77"
"122","2020-10-06 12:52:03","76"
"123","2020-10-06 12:56:48","73"
"124","2020-10-06 13:01:13","74"
"125","2020-10-06 13:02:48","74"
"126","2020-10-06 13:05:58","74"
"127","2020-10-06 13:11:49","75"
"128","2020-10-06 13:16:49","75"
"129","2020-10-06 13:21:19","72"
"130","2020-10-06 13:26:24","72"
"131","2020-10-06 13:31:00","76"
"132","2020-10-06 13:36:14","79"
"133","2020-10-06 13:42:39","73"
"134","2020-10-06 13:46:39","73"
"135","2020-10-06 13:50:59","73"
"136","2020-10-06 13:56:34","75"
"137","2020-10-06 14:00:59","76"
"138","2020-10-06 14:06:14","73"
"139","2020-10-06 14:12:19","68"
"140","2020-10-06 14:17:19","70"
"141","2020-10-06 14:21:04","71"
"142","2020-10-06 14:26:14","70"
"143","2020-10-06 14:31:09","71"
"144","2020-10-06 14:36:04","72"
"145","2020-10-06 14:41:00","69"
"146","2020-10-06 14:46:24","69"
"147","2020-10-06 14:50:59","69"
"148","2020-10-06 14:56:34","70"
"149","2020-10-06 15:01:49","72"
"150","2020-10-06 15:07:24","69"
"151","2020-10-06 15:12:24","74"
"152","2020-10-06 15:16:09","75"
"153","2020-10-06 15:21:04","72"
"154","2020-10-06 15:27:29","72"
"155","2020-10-06 15:31:14","74"
"156","2020-10-06 15:37:34","75"
"157","2020-10-06 15:40:59","76"
"158","2020-10-06 15:46:49","73"
"159","2020-10-06 15:51:14","72"
"160","2020-10-06 15:56:14","74"
"161","2020-10-06 16:00:59","73"
"162","2020-10-06 16:06:21","69"
"163","2020-10-06 16:11:44","70"
"164","2020-10-06 16:15:59","71"
"165","2020-10-06 16:21:14","70"
"166","2020-10-06 16:27:39","68"
"167","2020-10-06 16:32:29","68"
"168","2020-10-06 16:37:04","70"
"169","2020-10-06 16:41:54","73"
"170","2020-10-06 16:45:59","75"
"171","2020-10-06 16:51:14","72"
"172","2020-10-06 16:56:40","74"
"173","2020-10-06 17:01:14","75"
"174","2020-10-06 17:02:49","73"
"175","2020-10-06 17:06:08","73"
"176","2020-10-06 17:11:01","73"
"177","2020-10-06 17:18:31","67"
"178","2020-10-06 17:21:01","70"
"179","2020-10-06 17:26:58","76"
"180","2020-10-06 17:31:16","75"
"181","2020-10-06 17:39:17","74"
"182","2020-10-06 17:41:26","73"
"183","2020-10-06 17:47:51","73"
"184","2020-10-06 17:51:01","73"
"185","2020-10-06 17:56:11","72"
"186","2020-10-06 18:01:01","75"
"187","2020-10-06 18:06:31","75"
"188","2020-10-06 18:11:16","74"
"189","2020-10-06 18:16:46","75"
"190","2020-10-06 18:21:45","73"
"191","2020-10-06 18:26:01","72"
"192","2020-10-06 18:31:20","68"
"193","2020-10-06 18:37:29","68"
"194","2020-10-06 18:41:17","69"
"195","2020-10-06 18:48:00","68"
"196","2020-10-06 18:52:01","69"
"197","2020-10-06 18:59:41","73"
"198","2020-10-06 19:03:51","71"
"199","2020-10-06 19:08:51","70"
"200","2020-10-06 19:11:01","73"
"201","2020-10-06 19:16:01","71"
"202","2020-10-06 19:21:31","71"
"203","2020-10-06 19:26:51","68"
"204","2020-10-06 19:31:06","68"
"205","2020-10-06 19:36:01","70"
"206","2020-10-06 19:41:02","71"
"207","2020-10-06 19:46:06","70"
"208","2020-10-06 19:51:01","71"
"209","2020-10-06 19:56:41","71"
"210","2020-10-06 20:01:34","71"
"211","2020-10-06 20:06:26","74"
"212","2020-10-06 20:15:43","71"
"213","2020-10-06 20:18:11","74"
"214","2020-10-06 20:20:59","75"
"215","2020-10-06 20:29:25","78"
"216","2020-10-06 20:34:09","76"
"217","2020-10-06 20:36:16","71"
"218","2020-10-06 20:41:01","72"
"219","2020-10-06 20:50:31","80"
"220","2020-10-06 20:53:40","80"
"221","2020-10-06 20:56:21","78"
"222","2020-10-06 21:01:51","77"
"223","2020-10-06 21:02:58","73"
"224","2020-10-06 21:06:08","75"
"225","2020-10-06 21:11:13","74"
"226","2020-10-07 00:44:19","88"
"227","2020-10-07 00:50:54","84"
"228","2020-10-07 00:52:14","82"
"229","2020-10-07 00:58:24","77"
"230","2020-10-07 01:01:34","81"
"231","2020-10-07 01:08:04","95"
"232","2020-10-07 01:14:13","85"
"233","2020-10-07 01:18:56","85"
"234","2020-10-07 01:21:12","85"
"235","2020-10-07 01:28:52","85"
"236","2020-10-07 01:34:59","84"
"237","2020-10-07 01:40:04","86"
"238","2020-10-07 01:48:44","104"
"239","2020-10-07 01:58:48","116"
"240","2020-10-07 02:06:32","101"
"241","2020-10-07 02:09:12","141"
"242","2020-10-07 02:12:05","132"
"243","2020-10-07 02:12:36","116"
"244","2020-10-07 02:17:38","140"
"245","2020-10-07 02:20:34","144"
"246","2020-10-07 02:22:04","124"
"247","2020-10-07 02:38:17","113"
"248","2020-10-07 02:41:17","113"
"249","2020-10-07 02:50:29","117"
"250","2020-10-07 02:53:36","117"
"251","2020-10-07 02:58:35","94"
"252","2020-10-07 03:01:37","93"
"253","2020-10-07 03:10:20","89"
"254","2020-10-07 03:14:41","92"
"255","2020-10-07 03:17:10","92"
"256","2020-10-07 03:23:41","91"
"257","2020-10-07 03:26:22","94"
"258","2020-10-07 03:34:12","93"
"259","2020-10-07 03:36:10","96"
"260","2020-10-07 03:45:01","59"
"261","2020-10-07 03:46:32","99"
"262","2020-10-07 03:54:50","82"
"263","2020-10-07 04:00:56","90"
"264","2020-10-07 04:02:39","89"
"265","2020-10-07 04:07:38","85"
"266","2020-10-07 04:11:44","91"
"267","2020-10-07 04:16:28","93"
"268","2020-10-07 04:21:44","86"
"269","2020-10-07 04:26:33","92"
"270","2020-10-07 04:31:18","97"
"271","2020-10-07 04:40:56","97"
"272","2020-10-07 04:43:08","91"
"273","2020-10-07 04:46:16","88"
"274","2020-10-07 04:53:41","90"
"275","2020-10-07 04:59:44","97"
"276","2020-10-07 05:05:51","80"
"277","2020-10-07 05:07:23","93"
"278","2020-10-07 05:10:15","88"
"279","2020-10-07 05:11:24","88"
"280","2020-10-07 05:19:55","88"
"281","2020-10-07 05:22:54","91"
"282","2020-10-07 05:30:19","85"
"283","2020-10-07 05:33:12","86"
"284","2020-10-07 05:39:28","90"
"285","2020-10-07 05:43:03","77"
"286","2020-10-07 05:47:05","86"
"287","2020-10-07 05:55:41","86"
"288","2020-10-07 06:03:58","82"
"289","2020-10-07 06:08:18","84"
"290","2020-10-07 06:15:41","76"
"291","2020-10-07 06:18:54","86"
"292","2020-10-07 06:23:44","83"
"293","2020-10-07 06:27:27","87"
"294","2020-10-07 06:32:23","87"
"295","2020-10-07 06:36:19","94"
"296","2020-10-07 06:41:09","88"
"297","2020-10-07 06:47:05","82"
"298","2020-10-07 06:51:55","90"
"299","2020-10-07 07:00:40","81"
"300","2020-10-07 07:05:04","82"
"301","2020-10-07 07:10:14","69"
"302","2020-10-07 07:15:17","80"
"303","2020-10-07 07:19:07","69"
"304","2020-10-07 07:24:49","83"
"305","2020-10-07 07:26:02","78"
"306","2020-10-07 07:32:14","81"
"307","2020-10-07 07:39:15","76"
"308","2020-10-07 07:43:22","80"
"309","2020-10-07 07:47:01","75"
"310","2020-10-07 07:55:56","82"
"311","2020-10-07 07:57:15","83"
"312","2020-10-07 08:01:07","86"
"313","2020-10-07 08:10:44","74"
"314","2020-10-07 08:12:19","76"
"315","2020-10-07 08:16:38","77"
"316","2020-10-07 08:30:19","84"
"317","2020-10-07 08:34:19","86"
"318","2020-10-07 08:38:13","84"
"319","2020-10-07 08:43:03","80"
"320","2020-10-07 08:50:36","81"
"321","2020-10-07 08:52:30","82"
"322","2020-10-07 09:04:45","84"
"323","2020-10-07 09:08:09","94"
"324","2020-10-07 09:13:47","84"
"325","2020-10-07 09:20:56","83"
"326","2020-10-07 09:22:23","59"
"327","2020-10-07 09:32:15","89"
"328","2020-10-07 09:38:44","85"
"329","2020-10-07 09:43:09","86"
"330","2020-10-07 09:46:30","84"
"331","2020-10-07 09:51:49","86"
"332","2020-10-07 10:00:16","91"
"333","2020-10-07 10:04:13","99"
"334","2020-10-07 10:08:26","85"
"335","2020-10-07 10:11:14","79"
"336","2020-10-07 21:31:54","80"
"337","2020-10-07 21:33:56","81"
"338","2020-10-07 21:40:55","79"
"339","2020-10-07 21:43:34","89"
"340","2020-10-07 21:48:03","89"
"341","2020-10-07 21:55:16","90"
"342","2020-10-07 21:56:29","91"
"343","2020-10-07 22:03:38","81"
"344","2020-10-07 22:10:40","83"
"345","2020-10-07 22:15:47","87"
"346","2020-10-07 22:19:24","86"
"347","2020-10-07 22:24:45","82"
"348","2020-10-07 22:30:49","85"
"349","2020-10-07 22:35:55","83"
"350","2020-10-07 22:38:36","81"
"351","2020-10-07 22:40:58","78"
"352","2020-10-07 22:47:58","84"
"353","2020-10-07 22:51:42","79"
"354","2020-10-07 22:58:06","77"
"355","2020-10-07 23:02:21","79"
"356","2020-10-07 23:15:24","80"
"357","2020-10-07 23:16:40","79"
"358","2020-10-07 23:20:58","73"
"359","2020-10-07 23:29:53","84"
"360","2020-10-07 23:31:52","83"
"361","2020-10-07 23:39:13","77"
"362","2020-10-07 23:45:05","76"
"363","2020-10-07 23:46:24","65"
"364","2020-10-07 23:54:27","94"
"365","2020-10-07 23:58:09","109"
"366","2020-10-07 23:59:19","77"
"367","2020-10-08 00:01:39","84"
"368","2020-10-08 00:08:14","88"
"369","2020-10-08 00:13:28","85"
"370","2020-10-08 00:19:16","82"
"371","2020-10-08 00:25:51","82"
"372","2020-10-08 00:27:10","81"
"373","2020-10-08 00:32:03","80"
"374","2020-10-08 00:39:09","82"
"375","2020-10-08 00:42:06","95"
"376","2020-10-08 00:50:41","76"
"377","2020-10-08 00:55:47","84"
"378","2020-10-08 00:56:57","78"
"379","2020-10-08 01:05:39","71"
"380","2020-10-08 01:09:13","92"
"381","2020-10-08 01:16:51","87"
"382","2020-10-08 01:30:03","83"
"383","2020-10-08 01:33:15","84"
"384","2020-10-08 01:36:06","84"
"385","2020-10-08 01:45:56","82"
"386","2020-10-08 01:48:03","78"
"387","2020-10-08 01:54:48","84"
"388","2020-10-08 01:56:03","83"
"389","2020-10-08 02:04:13","87"
"390","2020-10-08 02:08:55","83"
"391","2020-10-08 02:12:48","83"
"392","2020-10-08 02:19:16","88"
"393","2020-10-08 02:24:52","85"
"394","2020-10-08 02:26:19","83"
"395","2020-10-08 02:37:39","90"
"396","2020-10-08 02:42:12","74"
"397","2020-10-08 02:47:19","74"
"398","2020-10-08 02:52:40","87"
"399","2020-10-08 02:58:21","80"
"400","2020-10-08 03:08:36","107"
"401","2020-10-08 03:20:22","110"
"402","2020-10-08 03:25:29","103"
"403","2020-10-08 03:27:48","98"
"404","2020-10-08 03:32:09","98"
"405","2020-10-08 03:40:52","90"
"406","2020-10-08 03:43:53","91"
"407","2020-10-08 03:48:55","94"
"408","2020-10-08 03:53:25","98"
"409","2020-10-08 04:00:40","104"
"410","2020-10-08 04:04:58","93"
"411","2020-10-08 04:07:16","98"
"412","2020-10-08 04:12:36","99"
"413","2020-10-08 04:17:59","103"
"414","2020-10-08 04:25:54","96"
"415","2020-10-08 04:27:03","92"
"416","2020-10-08 04:32:18","90"
"417","2020-10-08 04:37:43","94"
"418","2020-10-08 04:43:30","90"
"419","2020-10-08 04:47:02","87"
"420","2020-10-08 04:53:25","89"
"421","2020-10-08 05:00:43","82"
"422","2020-10-08 05:02:35","96"
"423","2020-10-08 05:03:58","96"
"424","2020-10-08 05:10:39","95"
"425","2020-10-08 05:12:49","95"
"426","2020-10-08 05:18:42","88"
"427","2020-10-08 05:24:25","92"
"428","2020-10-08 05:28:12","94"
"429","2020-10-08 05:34:35","94"
"430","2020-10-08 05:36:14","92"
"431","2020-10-08 05:40:59","91"
"432","2020-10-08 05:47:49","89"
"433","2020-10-08 06:00:50","77"
"434","2020-10-08 06:04:15","84"
"435","2020-10-08 06:08:28","88"
"436","2020-10-08 06:11:19","79"
"437","2020-10-08 06:18:29","89"
"438","2020-10-08 06:24:35","82"
"439","2020-10-08 06:29:04","75"
"440","2020-10-08 06:37:29","62"
"441","2020-10-08 06:50:51","76"
"442","2020-10-08 06:54:46","79"
"443","2020-10-08 06:59:24","69"
"444","2020-10-08 07:04:34","84"
"445","2020-10-08 07:06:33","83"
"446","2020-10-08 07:15:57","81"
"447","2020-10-08 07:19:17","86"
"448","2020-10-08 07:25:35","65"
"449","2020-10-08 07:39:19","113"
"450","2020-10-08 07:47:49","123"
"451","2020-10-08 07:47:54","120"
"452","2020-10-08 07:47:59","119"
"453","2020-10-08 07:48:00","118"
"454","2020-10-08 07:48:09","114"
"455","2020-10-08 07:48:13","113"
"456","2020-10-08 07:48:17","113"
"457","2020-10-08 07:48:23","109"
"458","2020-10-08 07:48:25","108"
"459","2020-10-08 07:48:31","114"
"460","2020-10-08 07:48:36","115"
"461","2020-10-08 07:48:44","118"
"462","2020-10-08 07:48:45","118"
"463","2020-10-08 07:48:50","121"
"464","2020-10-08 07:48:55","125"
"465","2020-10-08 07:49:04","123"
"466","2020-10-08 07:49:09","121"
"467","2020-10-08 07:49:13","123"
"468","2020-10-08 07:49:16","124"
"469","2020-10-08 07:49:20","123"
"470","2020-10-08 07:49:26","123"
"471","2020-10-08 07:49:32","124"
"472","2020-10-08 07:49:35","124"
"473","2020-10-08 07:49:44","128"
"474","2020-10-08 07:49:46","128"
"475","2020-10-08 07:49:54","131"
"476","2020-10-08 07:49:58","132"
"477","2020-10-08 07:50:04","133"
"478","2020-10-08 07:50:09","134"
"479","2020-10-08 07:50:13","136"
"480","2020-10-08 07:50:16","135"
"481","2020-10-08 07:50:22","135"
"482","2020-10-08 07:50:25","137"
"483","2020-10-08 07:50:32","137"
"484","2020-10-08 07:50:36","137"
"485","2020-10-08 07:50:40","138"
"486","2020-10-08 07:50:46","137"
"487","2020-10-08 07:50:52","140"
"488","2020-10-08 07:50:55","140"
"489","2020-10-08 07:51:04","142"
"490","2020-10-08 07:51:08","141"
"491","2020-10-08 07:51:10","142"
"492","2020-10-08 07:51:19","142"
"493","2020-10-08 07:51:21","142"
"494","2020-10-08 07:51:26","143"
"495","2020-10-08 07:51:33","140"
"496","2020-10-08 07:51:36","141"
"497","2020-10-08 07:51:42","142"
"498","2020-10-08 07:51:48","139"
"499","2020-10-08 07:51:53","139"
"500","2020-10-08 07:51:55","139"
"501","2020-10-08 07:52:03","145"
"502","2020-10-08 07:52:07","146"
"503","2020-10-08 07:52:14","145"
"504","2020-10-08 07:52:16","145"
"505","2020-10-08 07:52:20","145"
"506","2020-10-08 07:52:27","146"
"507","2020-10-08 07:52:30","145"
"508","2020-10-08 07:52:36","147"
"509","2020-10-08 07:52:42","146"
"510","2020-10-08 07:52:46","148"
"511","2020-10-08 07:52:54","150"
"512","2020-10-08 07:52:58","150"
"513","2020-10-08 07:53:03","150"
"514","2020-10-08 07:53:09","148"
"515","2020-10-08 07:53:11","147"
"516","2020-10-08 07:53:16","147"
"517","2020-10-08 07:53:22","148"
"518","2020-10-08 07:53:25","147"
"519","2020-10-08 07:53:31","148"
"520","2020-10-08 07:53:36","151"
"521","2020-10-08 07:53:40","154"
"522","2020-10-08 07:53:48","157"
"523","2020-10-08 07:53:50","157"
"524","2020-10-08 07:53:59","161"
"525","2020-10-08 07:54:01","161"
"526","2020-10-08 07:54:09","163"
"527","2020-10-08 07:54:10","163"
"528","2020-10-08 07:54:15","164"
"529","2020-10-08 07:54:24","164"
"530","2020-10-08 07:54:25","162"
"531","2020-10-08 07:54:34","161"
"532","2020-10-08 07:54:39","158"
"533","2020-10-08 07:54:44","158"
"534","2020-10-08 07:54:48","158"
"535","2020-10-08 07:54:50","157"
"536","2020-10-08 07:54:55","156"
"537","2020-10-08 07:55:00","155"
"538","2020-10-08 07:55:08","150"
"539","2020-10-08 07:55:14","151"
"540","2020-10-08 07:55:17","150"
"541","2020-10-08 07:55:23","147"
"542","2020-10-08 07:55:29","143"
"543","2020-10-08 07:55:30","143"
"544","2020-10-08 07:55:37","144"
"545","2020-10-08 07:55:43","144"
"546","2020-10-08 07:55:45","144"
"547","2020-10-08 07:55:50","144"
"548","2020-10-08 07:55:59","141"
"549","2020-10-08 07:56:00","140"
"550","2020-10-08 07:56:09","139"
"551","2020-10-08 07:56:13","139"
"552","2020-10-08 07:56:15","139"
"553","2020-10-08 07:56:20","137"
"554","2020-10-08 07:56:25","139"
"555","2020-10-08 07:56:30","139"
"556","2020-10-08 07:56:38","139"
"557","2020-10-08 07:56:40","138"
"558","2020-10-08 07:56:45","138"
"559","2020-10-08 07:56:54","138"
"560","2020-10-08 07:56:59","136"
"561","2020-10-08 07:57:02","136"
"562","2020-10-08 07:57:05","136"
"563","2020-10-08 07:57:11","133"
"564","2020-10-08 07:57:17","133"
"565","2020-10-08 07:57:24","133"
"566","2020-10-08 07:57:28","134"
"567","2020-10-08 07:57:32","134"
"568","2020-10-08 07:57:37","133"
"569","2020-10-08 07:57:42","133"
"570","2020-10-08 07:57:45","132"
"571","2020-10-08 07:57:50","132"
"572","2020-10-08 07:57:59","135"
"573","2020-10-08 07:58:02","135"
"574","2020-10-08 07:58:09","136"
"575","2020-10-08 07:58:11","137"
"576","2020-10-08 07:58:18","137"
"577","2020-10-08 07:58:21","136"
"578","2020-10-08 07:58:29","134"
"579","2020-10-08 07:58:31","134"
"580","2020-10-08 07:58:36","135"
"581","2020-10-08 07:58:43","135"
"582","2020-10-08 07:58:46","134"
"583","2020-10-08 07:58:53","134"
"584","2020-10-08 07:58:55","135"
"585","2020-10-08 07:59:03","132"
"586","2020-10-08 07:59:06","131"
"587","2020-10-08 07:59:14","132"
"588","2020-10-08 07:59:19","132"
"589","2020-10-08 07:59:24","131"
"590","2020-10-08 07:59:26","132"
"591","2020-10-08 07:59:32","129"
"592","2020-10-08 07:59:37","127"
"593","2020-10-08 07:59:43","119"
"594","2020-10-08 07:59:45","119"
"595","2020-10-08 07:59:50","118"
"596","2020-10-08 07:59:59","122"
"597","2020-10-08 08:00:01","124"
"598","2020-10-08 08:00:06","125"
"599","2020-10-08 08:00:14","122"
"600","2020-10-08 08:00:17","122"
"601","2020-10-08 08:00:21","122"
"602","2020-10-08 08:00:26","130"
"603","2020-10-08 08:00:34","128"
"604","2020-10-08 08:00:36","129"
"605","2020-10-08 08:00:40","129"
"606","2020-10-08 08:00:48","131"
"607","2020-10-08 08:00:50","131"
"608","2020-10-08 08:00:59","131"
"609","2020-10-08 08:01:00","131"
"610","2020-10-08 08:01:09","131"
"611","2020-10-08 08:01:10","131"
"612","2020-10-08 08:01:19","132"
"613","2020-10-08 08:01:24","133"
"614","2020-10-08 08:01:28","134"
"615","2020-10-08 08:01:30","133"
"616","2020-10-08 08:01:36","131"
"617","2020-10-08 08:01:44","134"
"618","2020-10-08 08:01:45","133"
"619","2020-10-08 08:01:54","133"
"620","2020-10-08 08:01:56","132"
"621","2020-10-08 08:02:03","132"
"622","2020-10-08 08:02:08","135"
"623","2020-10-08 08:02:14","137"
"624","2020-10-08 08:02:16","137"
"625","2020-10-08 08:02:22","136"
"626","2020-10-08 08:02:27","137"
"627","2020-10-08 08:02:30","136"
"628","2020-10-08 08:02:39","140"
"629","2020-10-08 08:02:40","139"
"630","2020-10-08 08:02:49","137"
"631","2020-10-08 08:02:50","137"
"632","2020-10-08 08:02:57","136"
"633","2020-10-08 08:03:00","136"
"634","2020-10-08 08:03:08","133"
"635","2020-10-08 08:03:11","133"
"636","2020-10-08 08:03:16","134"
"637","2020-10-08 08:03:23","135"
"638","2020-10-08 08:03:27","134"
"639","2020-10-08 08:03:31","134"
"640","2020-10-08 08:03:39","132"
"641","2020-10-08 08:03:40","131"
"642","2020-10-08 08:03:48","131"
"643","2020-10-08 08:03:54","133"
"644","2020-10-08 08:03:56","134"
"645","2020-10-08 08:04:00","134"
"646","2020-10-08 08:04:07","133"
"647","2020-10-08 08:04:12","129"
"648","2020-10-08 08:04:19","125"
"649","2020-10-08 08:04:21","125"
"650","2020-10-08 08:04:29","122"
"651","2020-10-08 08:04:30","121"
"652","2020-10-08 08:04:38","118"
"653","2020-10-08 08:04:44","120"
"654","2020-10-08 08:04:49","118"
"655","2020-10-08 08:04:51","118"
"656","2020-10-08 08:04:55","118"
"657","2020-10-08 08:05:04","118"
"658","2020-10-08 08:05:06","120"
"659","2020-10-08 08:05:14","118"
"660","2020-10-08 08:05:17","119"
"661","2020-10-08 08:05:21","118"
"662","2020-10-08 08:05:29","117"
"663","2020-10-08 08:05:32","119"
"664","2020-10-08 08:05:36","120"
"665","2020-10-08 08:05:40","120"
"666","2020-10-08 08:05:46","117"
"667","2020-10-08 08:05:54","118"
"668","2020-10-08 08:05:58","116"
"669","2020-10-08 08:06:03","117"
"670","2020-10-08 08:06:06","116"
"671","2020-10-08 08:06:10","115"
"672","2020-10-08 08:06:18","112"
"673","2020-10-08 08:06:21","115"
"674","2020-10-08 08:06:25","116"
"675","2020-10-08 08:06:34","119"
"676","2020-10-08 08:06:37","119"
"677","2020-10-08 08:06:40","119"
"678","2020-10-08 08:06:49","117"
"679","2020-10-08 08:06:53","118"
"680","2020-10-08 08:06:55","119"
"681","2020-10-08 08:07:01","123"
"682","2020-10-08 08:07:09","124"
"683","2020-10-08 08:07:13","125"
"684","2020-10-08 08:07:15","126"
"685","2020-10-08 08:07:24","130"
"686","2020-10-08 08:07:27","132"
"687","2020-10-08 08:07:31","130"
"688","2020-10-08 08:07:39","129"
"689","2020-10-08 08:07:44","130"
"690","2020-10-08 08:07:45","130"
"691","2020-10-08 08:07:50","128"
"692","2020-10-08 08:07:55","129"
"693","2020-10-08 08:08:00","131"
"694","2020-10-08 08:08:09","128"
"695","2020-10-08 08:08:11","131"
"696","2020-10-08 08:08:15","133"
"697","2020-10-08 08:08:20","130"
"698","2020-10-08 08:08:25","129"
"699","2020-10-08 08:08:34","129"
"700","2020-10-08 08:08:35","129"
"701","2020-10-08 08:08:41","129"
"702","2020-10-08 08:08:49","128"
"703","2020-10-08 08:08:50","126"
"704","2020-10-08 08:08:58","133"
"705","2020-10-08 08:09:00","132"
"706","2020-10-08 08:09:09","135"
"707","2020-10-08 08:09:14","141"
"708","2020-10-08 08:09:15","141"
"709","2020-10-08 08:09:23","140"
"710","2020-10-08 08:09:27","142"
"711","2020-10-08 08:09:30","141"
"712","2020-10-08 08:09:39","142"
"713","2020-10-08 08:09:43","143"
"714","2020-10-08 08:09:49","144"
"715","2020-10-08 08:09:52","147"
"716","2020-10-08 08:09:58","148"
"717","2020-10-08 08:10:00","150"
"718","2020-10-08 08:10:06","148"
"719","2020-10-08 08:10:11","149"
"720","2020-10-08 08:10:19","152"
"721","2020-10-08 08:10:24","152"
"722","2020-10-08 08:10:27","153"
"723","2020-10-08 08:10:31","154"
"724","2020-10-08 08:10:38","149"
"725","2020-10-08 08:10:40","149"
"726","2020-10-08 08:10:49","145"
"727","2020-10-08 08:10:52","146"
"728","2020-10-08 08:10:59","146"
"729","2020-10-08 08:11:00","146"
"730","2020-10-08 08:11:07","145"
"731","2020-10-08 08:11:10","143"
"732","2020-10-08 08:11:19","137"
"733","2020-10-08 08:11:23","134"
"734","2020-10-08 08:11:27","130"
"735","2020-10-08 08:11:32","125"
"736","2020-10-08 08:11:35","124"
"737","2020-10-08 08:11:41","124"
"738","2020-10-08 08:11:46","124"
"739","2020-10-08 08:11:54","130"
"740","2020-10-08 08:11:56","132"
"741","2020-10-08 08:12:03","130"
"742","2020-10-08 08:12:09","133"
"743","2020-10-08 08:12:12","134"
"744","2020-10-08 08:12:19","137"
"745","2020-10-08 08:12:20","137"
"746","2020-10-08 08:12:27","139"
"747","2020-10-08 08:12:31","139"
"748","2020-10-08 08:12:39","142"
"749","2020-10-08 08:12:41","142"
"750","2020-10-08 08:12:49","139"
"751","2020-10-08 08:12:51","138"
"752","2020-10-08 08:12:59","139"
"753","2020-10-08 08:13:03","138"
"754","2020-10-08 08:13:08","138"
"755","2020-10-08 08:13:13","137"
"756","2020-10-08 08:13:17","137"
"757","2020-10-08 08:13:22","137"
"758","2020-10-08 08:13:27","138"
"759","2020-10-08 08:13:33","136"
"760","2020-10-08 08:13:35","136"
"761","2020-10-08 08:13:41","138"
"762","2020-10-08 08:13:49","141"
"763","2020-10-08 08:13:51","142"
"764","2020-10-08 08:13:57","141"
"765","2020-10-08 08:14:00","141"
"766","2020-10-08 08:14:06","137"
"767","2020-10-08 08:14:14","137"
"768","2020-10-08 08:14:19","137"
"769","2020-10-08 08:14:23","136"
"770","2020-10-08 08:22:19","134"
"771","2020-10-08 08:22:22","135"
"772","2020-10-08 08:22:27","135"
"773","2020-10-08 08:22:29","135"
"774","2020-10-08 08:22:33","135"
"775","2020-10-08 08:22:42","136"
"776","2020-10-08 08:22:43","136"
"777","2020-10-08 08:22:51","136"
"778","2020-10-08 08:22:53","136"
"779","2020-10-08 08:23:02","137"
"780","2020-10-08 08:23:06","139"
"781","2020-10-08 08:23:12","142"
"782","2020-10-08 08:23:14","141"
"783","2020-10-08 08:23:22","141"
"784","2020-10-08 08:23:23","141"
"785","2020-10-08 08:23:32","138"
"786","2020-10-08 08:23:34","136"
"787","2020-10-08 08:23:38","135"
"788","2020-10-08 08:23:47","131"
"789","2020-10-08 08:23:52","131"
"790","2020-10-08 08:23:53","130"
"791","2020-10-08 08:23:58","130"
"792","2020-10-08 08:24:07","130"
"793","2020-10-08 08:24:11","130"
"794","2020-10-08 08:24:13","130"
"795","2020-10-08 08:24:22","130"
"796","2020-10-08 08:24:25","132"
"797","2020-10-08 08:24:29","131"
"798","2020-10-08 08:24:37","131"
"799","2020-10-08 08:24:39","132"
"800","2020-10-08 08:24:46","132"
"801","2020-10-08 08:24:51","132"
"802","2020-10-08 08:24:53","131"
"803","2020-10-08 08:25:02","133"
"804","2020-10-08 08:25:07","133"
"805","2020-10-08 08:25:12","133"
"806","2020-10-08 08:25:13","133"
"807","2020-10-08 08:25:18","131"
"808","2020-10-08 08:25:27","131"
"809","2020-10-08 08:25:32","128"
"810","2020-10-08 08:25:33","128"
"811","2020-10-08 08:25:42","128"
"812","2020-10-08 08:25:47","127"
"813","2020-10-08 08:25:48","128"
"814","2020-10-08 08:25:53","129"
"815","2020-10-08 08:25:58","133"
"816","2020-10-08 08:26:04","133"
"817","2020-10-08 08:26:12","133"
"818","2020-10-08 08:26:17","135"
"819","2020-10-08 08:26:18","135"
"820","2020-10-08 08:26:23","134"
"821","2020-10-08 08:26:32","133"
"822","2020-10-08 08:26:37","135"
"823","2020-10-08 08:26:40","136"
"824","2020-10-08 08:26:47","130"
"825","2020-10-08 08:26:49","129"
"826","2020-10-08 08:26:56","123"
"827","2020-10-08 08:26:58","123"
"828","2020-10-08 08:27:07","118"
"829","2020-10-08 08:27:12","118"
"830","2020-10-08 08:27:14","117"
"831","2020-10-08 08:27:18","116"
"832","2020-10-08 08:27:27","117"
"833","2020-10-08 08:27:28","117"
"834","2020-10-08 08:27:37","113"
"835","2020-10-08 08:27:41","115"
"836","2020-10-08 08:27:47","114"
"837","2020-10-08 08:27:48","115"
"838","2020-10-08 08:27:56","113"
"839","2020-10-08 08:27:58","112"
"840","2020-10-08 08:28:06","112"
"841","2020-10-08 08:28:08","111"
"842","2020-10-08 08:28:15","116"
"843","2020-10-08 08:28:18","116"
"844","2020-10-08 08:28:27","110"
"845","2020-10-08 08:28:29","111"
"846","2020-10-08 08:28:34","113"
"847","2020-10-08 08:28:42","119"
"848","2020-10-08 08:28:47","122"
"849","2020-10-08 08:28:52","118"
"850","2020-10-08 08:28:57","117"
"851","2020-10-08 08:28:58","117"
"852","2020-10-08 08:42:37","69"
"853","2020-10-08 09:17:29","89"
"854","2020-10-08 09:50:01","99"
"855","2020-10-08 09:51:30","98"
"856","2020-10-08 10:31:05","124"
"857","2020-10-08 10:52:20","108"
"858","2020-10-08 11:00:16","102"
"859","2020-10-08 11:03:36","98"
"860","2020-10-08 11:10:56","95"
"861","2020-10-08 11:15:39","97"
"862","2020-10-08 11:19:36","91"
"863","2020-10-08 11:25:10","92"
"864","2020-10-08 11:27:11","90"
"865","2020-10-08 11:35:11","90"
"866","2020-10-08 11:36:35","90"
"867","2020-10-08 22:10:42","93"
"868","2020-10-08 22:12:08","91"
"869","2020-10-08 22:14:22","90"
"870","2020-10-08 22:20:55","91"
"871","2020-10-08 22:22:56","93"
"872","2020-10-08 22:30:50","97"
"873","2020-10-08 22:32:35","94"
"874","2020-10-08 22:40:02","90"
"875","2020-10-08 22:44:00","87"
"876","2020-10-08 22:47:11","86"
"877","2020-10-08 22:54:45","84"
"878","2020-10-08 23:00:40","84"
"879","2020-10-08 23:02:37","83"
"880","2020-10-08 23:09:45","81"
"881","2020-10-08 23:13:50","82"
"882","2020-10-08 23:18:10","78"
"883","2020-10-08 23:22:50","79"
"884","2020-10-08 23:26:35","75"
"885","2020-10-08 23:34:15","73"
"886","2020-10-08 23:36:10","71"
"887","2020-10-08 23:41:25","69"
"888","2020-10-08 23:47:00","71"
"889","2020-10-08 23:51:00","68"
"890","2020-10-08 23:56:20","68"
"891","2020-10-09 00:01:10","67"
"892","2020-10-09 00:09:54","100"
"893","2020-10-09 00:10:10","91"
"894","2020-10-09 00:12:52","87"
"895","2020-10-09 00:17:21","93"
"896","2020-10-09 00:18:57","91"
"897","2020-10-09 00:27:18","94"
"898","2020-10-09 00:30:22","100"
"899","2020-10-09 00:35:42","99"
"900","2020-10-09 00:39:22","92"
"901","2020-10-09 00:42:01","85"
"902","2020-10-09 00:46:25","91"
"903","2020-10-09 00:51:44","89"
"904","2020-10-09 01:00:52","91"
"905","2020-10-09 01:02:47","94"
"906","2020-10-09 01:03:12","91"
"907","2020-10-09 01:06:38","88"
"908","2020-10-09 01:14:44","93"
"909","2020-10-09 01:16:12","95"
"910","2020-10-09 01:25:31","91"
"911","2020-10-09 01:27:19","93"
"912","2020-10-09 01:35:11","79"
"913","2020-10-09 01:36:23","91"
"914","2020-10-09 01:43:09","84"
"915","2020-10-09 01:50:40","88"
"916","2020-10-09 01:52:51","86"
"917","2020-10-09 01:58:45","92"
"918","2020-10-09 02:03:22","83"
"919","2020-10-09 02:10:14","82"
"920","2020-10-09 02:12:08","82"
"921","2020-10-09 02:18:23","83"
"922","2020-10-09 02:21:59","82"
"923","2020-10-09 02:27:14","90"
"924","2020-10-09 02:35:55","82"
"925","2020-10-09 02:40:48","86"
"926","2020-10-09 02:43:25","83"
"927","2020-10-09 02:47:59","84"
"928","2020-10-09 02:54:13","87"
"929","2020-10-09 02:59:56","86"
"930","2020-10-09 03:02:29","82"
"931","2020-10-09 03:06:58","82"
"932","2020-10-09 03:11:20","83"
"933","2020-10-09 03:20:39","82"
"934","2020-10-09 03:23:54","74"
"935","2020-10-09 03:26:11","78"
"936","2020-10-09 03:33:35","109"
"937","2020-10-09 03:35:33","67"
"938","2020-10-09 03:49:41","105"
"939","2020-10-09 03:50:57","73"
"940","2020-10-09 03:52:58","64"
"941","2020-10-09 04:02:13","118"
"942","2020-10-09 04:04:19","94"
"943","2020-10-09 04:09:42","90"
"944","2020-10-09 04:15:57","88"
"945","2020-10-09 04:17:05","94"
"946","2020-10-09 04:22:57","91"
"947","2020-10-09 04:29:17","83"
"948","2020-10-09 04:33:49","82"
"949","2020-10-09 04:36:44","81"
"950","2020-10-09 04:45:06","88"
"951","2020-10-09 04:54:48","83"
"952","2020-10-09 04:59:55","77"
"953","2020-10-09 05:01:26","79"
"954","2020-10-09 05:07:43","76"
"955","2020-10-09 05:12:12","80"
"956","2020-10-09 05:20:25","77"
"957","2020-10-09 05:23:18","82"
